{
  "val_loss": 0.4106451133886973,
  "val_acc": 0.8166666666666667,
  "auc": 0.90375,
  "confusion_matrix": [
    [
      14,
      6
    ],
    [
      5,
      35
    ]
  ],
  "classification_report": {
    "No Yew": {
      "precision": 0.7368421052631579,
      "recall": 0.7,
      "f1-score": 0.717948717948718,
      "support": 20.0
    },
    "Yew": {
      "precision": 0.8536585365853658,
      "recall": 0.875,
      "f1-score": 0.8641975308641975,
      "support": 40.0
    },
    "accuracy": 0.8166666666666667,
    "macro avg": {
      "precision": 0.7952503209242618,
      "recall": 0.7875,
      "f1-score": 0.7910731244064577,
      "support": 60.0
    },
    "weighted avg": {
      "precision": 0.8147197261446298,
      "recall": 0.8166666666666667,
      "f1-score": 0.8154479265590376,
      "support": 60.0
    }
  }
}