{
  "val_loss": 0.24576565391504543,
  "val_acc": 0.9158110882956879,
  "auc": 0.9643472566859663,
  "confusion_matrix": [
    [
      260,
      19
    ],
    [
      22,
      186
    ]
  ],
  "classification_report": {
    "No Yew": {
      "precision": 0.9219858156028369,
      "recall": 0.931899641577061,
      "f1-score": 0.9269162210338681,
      "support": 279.0
    },
    "Yew": {
      "precision": 0.9073170731707317,
      "recall": 0.8942307692307693,
      "f1-score": 0.9007263922518159,
      "support": 208.0
    },
    "accuracy": 0.9158110882956879,
    "macro avg": {
      "precision": 0.9146514443867844,
      "recall": 0.9130652054039151,
      "f1-score": 0.913821306642842,
      "support": 487.0
    },
    "weighted avg": {
      "precision": 0.9157207264326563,
      "recall": 0.9158110882956879,
      "f1-score": 0.9157304214719238,
      "support": 487.0
    }
  }
}