{
  "val_loss": 0.5353367902883669,
  "val_acc": 0.7560975609756098,
  "auc": 0.8333333333333334,
  "confusion_matrix": [
    [
      15,
      5
    ],
    [
      5,
      16
    ]
  ],
  "classification_report": {
    "No Yew": {
      "precision": 0.75,
      "recall": 0.75,
      "f1-score": 0.75,
      "support": 20.0
    },
    "Yew": {
      "precision": 0.7619047619047619,
      "recall": 0.7619047619047619,
      "f1-score": 0.7619047619047619,
      "support": 21.0
    },
    "accuracy": 0.7560975609756098,
    "macro avg": {
      "precision": 0.7559523809523809,
      "recall": 0.7559523809523809,
      "f1-score": 0.7559523809523809,
      "support": 41.0
    },
    "weighted avg": {
      "precision": 0.7560975609756098,
      "recall": 0.7560975609756098,
      "f1-score": 0.7560975609756098,
      "support": 41.0
    }
  }
}