{
  "val_loss": 0.49243788893629864,
  "val_acc": 0.8048780487804879,
  "auc": 0.8523809523809524,
  "confusion_matrix": [
    [
      17,
      3
    ],
    [
      5,
      16
    ]
  ],
  "classification_report": {
    "No Yew": {
      "precision": 0.7727272727272727,
      "recall": 0.85,
      "f1-score": 0.8095238095238095,
      "support": 20.0
    },
    "Yew": {
      "precision": 0.8421052631578947,
      "recall": 0.7619047619047619,
      "f1-score": 0.8,
      "support": 21.0
    },
    "accuracy": 0.8048780487804879,
    "macro avg": {
      "precision": 0.8074162679425837,
      "recall": 0.805952380952381,
      "f1-score": 0.8047619047619048,
      "support": 41.0
    },
    "weighted avg": {
      "precision": 0.8082623409966156,
      "recall": 0.8048780487804879,
      "f1-score": 0.8046457607433216,
      "support": 41.0
    }
  }
}