{
  "val_loss": 0.4320586539759039,
  "val_acc": 0.8193018480492813,
  "auc": 0.8840984284532671,
  "confusion_matrix": [
    [
      255,
      24
    ],
    [
      64,
      144
    ]
  ],
  "classification_report": {
    "No Yew": {
      "precision": 0.799373040752351,
      "recall": 0.9139784946236559,
      "f1-score": 0.8528428093645485,
      "support": 279.0
    },
    "Yew": {
      "precision": 0.8571428571428571,
      "recall": 0.6923076923076923,
      "f1-score": 0.7659574468085106,
      "support": 208.0
    },
    "accuracy": 0.8193018480492813,
    "macro avg": {
      "precision": 0.8282579489476041,
      "recall": 0.803143093465674,
      "f1-score": 0.8094001280865295,
      "support": 487.0
    },
    "weighted avg": {
      "precision": 0.824046802167598,
      "recall": 0.8193018480492813,
      "f1-score": 0.8157336606753167,
      "support": 487.0
    }
  }
}